{
  "AWSTemplateFormatVersion": "2010-09-09",
  "Description": "The AWS CloudFormation template for this Serverless application",
  "Resources": {
    "ServerlessDeploymentBucket": {
      "Type": "AWS::S3::Bucket"
    },
    "GetUsersLogGroup": {
      "Type": "AWS::Logs::LogGroup",
      "Properties": {
        "LogGroupName": "/aws/lambda/fun-w-path-dev-getUsers"
      }
    },
    "PostUserLogGroup": {
      "Type": "AWS::Logs::LogGroup",
      "Properties": {
        "LogGroupName": "/aws/lambda/fun-w-path-dev-postUser"
      }
    },
    "GetUserLogGroup": {
      "Type": "AWS::Logs::LogGroup",
      "Properties": {
        "LogGroupName": "/aws/lambda/fun-w-path-dev-getUser"
      }
    },
    "DeleteUserLogGroup": {
      "Type": "AWS::Logs::LogGroup",
      "Properties": {
        "LogGroupName": "/aws/lambda/fun-w-path-dev-deleteUser"
      }
    },
    "GetTasksLogGroup": {
      "Type": "AWS::Logs::LogGroup",
      "Properties": {
        "LogGroupName": "/aws/lambda/fun-w-path-dev-getTasks"
      }
    },
    "PostTaskLogGroup": {
      "Type": "AWS::Logs::LogGroup",
      "Properties": {
        "LogGroupName": "/aws/lambda/fun-w-path-dev-postTask"
      }
    },
    "PutTaskLogGroup": {
      "Type": "AWS::Logs::LogGroup",
      "Properties": {
        "LogGroupName": "/aws/lambda/fun-w-path-dev-putTask"
      }
    },
    "DeleteTaskLogGroup": {
      "Type": "AWS::Logs::LogGroup",
      "Properties": {
        "LogGroupName": "/aws/lambda/fun-w-path-dev-deleteTask"
      }
    },
    "GetTasksByCategoryLogGroup": {
      "Type": "AWS::Logs::LogGroup",
      "Properties": {
        "LogGroupName": "/aws/lambda/fun-w-path-dev-getTasksByCategory"
      }
    },
    "IamRoleLambdaExecution": {
      "Type": "AWS::IAM::Role",
      "Properties": {
        "AssumeRolePolicyDocument": {
          "Version": "2012-10-17",
          "Statement": [
            {
              "Effect": "Allow",
              "Principal": {
                "Service": [
                  "lambda.amazonaws.com"
                ]
              },
              "Action": [
                "sts:AssumeRole"
              ]
            }
          ]
        },
        "Policies": [
          {
            "PolicyName": {
              "Fn::Join": [
                "-",
                [
                  "dev",
                  "fun-w-path",
                  "lambda"
                ]
              ]
            },
            "PolicyDocument": {
              "Version": "2012-10-17",
              "Statement": [
                {
                  "Effect": "Allow",
                  "Action": [
                    "logs:CreateLogStream"
                  ],
                  "Resource": [
                    {
                      "Fn::Sub": "arn:aws:logs:${AWS::Region}:${AWS::AccountId}:log-group:/aws/lambda/fun-w-path-dev-getUsers:*"
                    },
                    {
                      "Fn::Sub": "arn:aws:logs:${AWS::Region}:${AWS::AccountId}:log-group:/aws/lambda/fun-w-path-dev-postUser:*"
                    },
                    {
                      "Fn::Sub": "arn:aws:logs:${AWS::Region}:${AWS::AccountId}:log-group:/aws/lambda/fun-w-path-dev-getUser:*"
                    },
                    {
                      "Fn::Sub": "arn:aws:logs:${AWS::Region}:${AWS::AccountId}:log-group:/aws/lambda/fun-w-path-dev-deleteUser:*"
                    },
                    {
                      "Fn::Sub": "arn:aws:logs:${AWS::Region}:${AWS::AccountId}:log-group:/aws/lambda/fun-w-path-dev-getTasks:*"
                    },
                    {
                      "Fn::Sub": "arn:aws:logs:${AWS::Region}:${AWS::AccountId}:log-group:/aws/lambda/fun-w-path-dev-postTask:*"
                    },
                    {
                      "Fn::Sub": "arn:aws:logs:${AWS::Region}:${AWS::AccountId}:log-group:/aws/lambda/fun-w-path-dev-putTask:*"
                    },
                    {
                      "Fn::Sub": "arn:aws:logs:${AWS::Region}:${AWS::AccountId}:log-group:/aws/lambda/fun-w-path-dev-deleteTask:*"
                    },
                    {
                      "Fn::Sub": "arn:aws:logs:${AWS::Region}:${AWS::AccountId}:log-group:/aws/lambda/fun-w-path-dev-getTasksByCategory:*"
                    }
                  ]
                },
                {
                  "Effect": "Allow",
                  "Action": [
                    "logs:PutLogEvents"
                  ],
                  "Resource": [
                    {
                      "Fn::Sub": "arn:aws:logs:${AWS::Region}:${AWS::AccountId}:log-group:/aws/lambda/fun-w-path-dev-getUsers:*:*"
                    },
                    {
                      "Fn::Sub": "arn:aws:logs:${AWS::Region}:${AWS::AccountId}:log-group:/aws/lambda/fun-w-path-dev-postUser:*:*"
                    },
                    {
                      "Fn::Sub": "arn:aws:logs:${AWS::Region}:${AWS::AccountId}:log-group:/aws/lambda/fun-w-path-dev-getUser:*:*"
                    },
                    {
                      "Fn::Sub": "arn:aws:logs:${AWS::Region}:${AWS::AccountId}:log-group:/aws/lambda/fun-w-path-dev-deleteUser:*:*"
                    },
                    {
                      "Fn::Sub": "arn:aws:logs:${AWS::Region}:${AWS::AccountId}:log-group:/aws/lambda/fun-w-path-dev-getTasks:*:*"
                    },
                    {
                      "Fn::Sub": "arn:aws:logs:${AWS::Region}:${AWS::AccountId}:log-group:/aws/lambda/fun-w-path-dev-postTask:*:*"
                    },
                    {
                      "Fn::Sub": "arn:aws:logs:${AWS::Region}:${AWS::AccountId}:log-group:/aws/lambda/fun-w-path-dev-putTask:*:*"
                    },
                    {
                      "Fn::Sub": "arn:aws:logs:${AWS::Region}:${AWS::AccountId}:log-group:/aws/lambda/fun-w-path-dev-deleteTask:*:*"
                    },
                    {
                      "Fn::Sub": "arn:aws:logs:${AWS::Region}:${AWS::AccountId}:log-group:/aws/lambda/fun-w-path-dev-getTasksByCategory:*:*"
                    }
                  ]
                },
                {
                  "Effect": "Allow",
                  "Action": [
                    "dynamodb:Scan",
                    "dynamodb:PutItem",
                    "dynamodb:GetItem",
                    "dynamodb:DeleteItem",
                    "dynamodb:Query",
                    "dynamodb:UpdateItem"
                  ],
                  "Resource": [
                    {
                      "Fn::Join": [
                        "",
                        [
                          "arn:aws:dynamodb:",
                          {
                            "Ref": "AWS::Region"
                          },
                          ":",
                          {
                            "Ref": "AWS::AccountId"
                          },
                          ":table/users-fun-w-path-dev*"
                        ]
                      ]
                    },
                    {
                      "Fn::Join": [
                        "",
                        [
                          "arn:aws:dynamodb:",
                          {
                            "Ref": "AWS::Region"
                          },
                          ":",
                          {
                            "Ref": "AWS::AccountId"
                          },
                          ":table/tasks-fun-w-path-dev*"
                        ]
                      ]
                    }
                  ]
                }
              ]
            }
          }
        ],
        "Path": "/",
        "RoleName": {
          "Fn::Join": [
            "-",
            [
              "fun-w-path",
              "dev",
              "us-east-1",
              "lambdaRole"
            ]
          ]
        }
      }
    },
    "GetUsersLambdaFunction": {
      "Type": "AWS::Lambda::Function",
      "Properties": {
        "Code": {
          "S3Bucket": {
            "Ref": "ServerlessDeploymentBucket"
          },
          "S3Key": "serverless/fun-w-path/dev/1491375185312-2017-04-05T06:53:05.312Z/fun-w-path.zip"
        },
        "FunctionName": "fun-w-path-dev-getUsers",
        "Handler": "handler.getUsers",
        "MemorySize": 1024,
        "Role": {
          "Fn::GetAtt": [
            "IamRoleLambdaExecution",
            "Arn"
          ]
        },
        "Runtime": "nodejs6.10",
        "Timeout": 6,
        "Environment": {
          "Variables": {
            "USERS_DYNAMODB_TABLE": "users-fun-w-path-dev",
            "TASKS_DYNAMODB_TABLE": "tasks-fun-w-path-dev"
          }
        }
      },
      "DependsOn": [
        "GetUsersLogGroup",
        "IamRoleLambdaExecution"
      ]
    },
    "GetUsersLambdaVersionwbx62b298sGYp5jS6jeXZGUodJ4KE6W3tPeYy7JnrWs": {
      "Type": "AWS::Lambda::Version",
      "DeletionPolicy": "Retain",
      "Properties": {
        "FunctionName": {
          "Ref": "GetUsersLambdaFunction"
        },
        "CodeSha256": "wbx62b298sGYp5jS6jeXZGUodJ4KE6W3tPeYy7JnrWs="
      }
    },
    "PostUserLambdaFunction": {
      "Type": "AWS::Lambda::Function",
      "Properties": {
        "Code": {
          "S3Bucket": {
            "Ref": "ServerlessDeploymentBucket"
          },
          "S3Key": "serverless/fun-w-path/dev/1491375185312-2017-04-05T06:53:05.312Z/fun-w-path.zip"
        },
        "FunctionName": "fun-w-path-dev-postUser",
        "Handler": "handler.postUser",
        "MemorySize": 1024,
        "Role": {
          "Fn::GetAtt": [
            "IamRoleLambdaExecution",
            "Arn"
          ]
        },
        "Runtime": "nodejs6.10",
        "Timeout": 6,
        "Environment": {
          "Variables": {
            "USERS_DYNAMODB_TABLE": "users-fun-w-path-dev",
            "TASKS_DYNAMODB_TABLE": "tasks-fun-w-path-dev"
          }
        }
      },
      "DependsOn": [
        "PostUserLogGroup",
        "IamRoleLambdaExecution"
      ]
    },
    "PostUserLambdaVersionwbx62b298sGYp5jS6jeXZGUodJ4KE6W3tPeYy7JnrWs": {
      "Type": "AWS::Lambda::Version",
      "DeletionPolicy": "Retain",
      "Properties": {
        "FunctionName": {
          "Ref": "PostUserLambdaFunction"
        },
        "CodeSha256": "wbx62b298sGYp5jS6jeXZGUodJ4KE6W3tPeYy7JnrWs="
      }
    },
    "GetUserLambdaFunction": {
      "Type": "AWS::Lambda::Function",
      "Properties": {
        "Code": {
          "S3Bucket": {
            "Ref": "ServerlessDeploymentBucket"
          },
          "S3Key": "serverless/fun-w-path/dev/1491375185312-2017-04-05T06:53:05.312Z/fun-w-path.zip"
        },
        "FunctionName": "fun-w-path-dev-getUser",
        "Handler": "handler.getUser",
        "MemorySize": 1024,
        "Role": {
          "Fn::GetAtt": [
            "IamRoleLambdaExecution",
            "Arn"
          ]
        },
        "Runtime": "nodejs6.10",
        "Timeout": 6,
        "Environment": {
          "Variables": {
            "USERS_DYNAMODB_TABLE": "users-fun-w-path-dev",
            "TASKS_DYNAMODB_TABLE": "tasks-fun-w-path-dev"
          }
        }
      },
      "DependsOn": [
        "GetUserLogGroup",
        "IamRoleLambdaExecution"
      ]
    },
    "GetUserLambdaVersionwbx62b298sGYp5jS6jeXZGUodJ4KE6W3tPeYy7JnrWs": {
      "Type": "AWS::Lambda::Version",
      "DeletionPolicy": "Retain",
      "Properties": {
        "FunctionName": {
          "Ref": "GetUserLambdaFunction"
        },
        "CodeSha256": "wbx62b298sGYp5jS6jeXZGUodJ4KE6W3tPeYy7JnrWs="
      }
    },
    "DeleteUserLambdaFunction": {
      "Type": "AWS::Lambda::Function",
      "Properties": {
        "Code": {
          "S3Bucket": {
            "Ref": "ServerlessDeploymentBucket"
          },
          "S3Key": "serverless/fun-w-path/dev/1491375185312-2017-04-05T06:53:05.312Z/fun-w-path.zip"
        },
        "FunctionName": "fun-w-path-dev-deleteUser",
        "Handler": "handler.deleteUser",
        "MemorySize": 1024,
        "Role": {
          "Fn::GetAtt": [
            "IamRoleLambdaExecution",
            "Arn"
          ]
        },
        "Runtime": "nodejs6.10",
        "Timeout": 6,
        "Environment": {
          "Variables": {
            "USERS_DYNAMODB_TABLE": "users-fun-w-path-dev",
            "TASKS_DYNAMODB_TABLE": "tasks-fun-w-path-dev"
          }
        }
      },
      "DependsOn": [
        "DeleteUserLogGroup",
        "IamRoleLambdaExecution"
      ]
    },
    "DeleteUserLambdaVersionwbx62b298sGYp5jS6jeXZGUodJ4KE6W3tPeYy7JnrWs": {
      "Type": "AWS::Lambda::Version",
      "DeletionPolicy": "Retain",
      "Properties": {
        "FunctionName": {
          "Ref": "DeleteUserLambdaFunction"
        },
        "CodeSha256": "wbx62b298sGYp5jS6jeXZGUodJ4KE6W3tPeYy7JnrWs="
      }
    },
    "GetTasksLambdaFunction": {
      "Type": "AWS::Lambda::Function",
      "Properties": {
        "Code": {
          "S3Bucket": {
            "Ref": "ServerlessDeploymentBucket"
          },
          "S3Key": "serverless/fun-w-path/dev/1491375185312-2017-04-05T06:53:05.312Z/fun-w-path.zip"
        },
        "FunctionName": "fun-w-path-dev-getTasks",
        "Handler": "handler.getTasks",
        "MemorySize": 1024,
        "Role": {
          "Fn::GetAtt": [
            "IamRoleLambdaExecution",
            "Arn"
          ]
        },
        "Runtime": "nodejs6.10",
        "Timeout": 6,
        "Environment": {
          "Variables": {
            "USERS_DYNAMODB_TABLE": "users-fun-w-path-dev",
            "TASKS_DYNAMODB_TABLE": "tasks-fun-w-path-dev"
          }
        }
      },
      "DependsOn": [
        "GetTasksLogGroup",
        "IamRoleLambdaExecution"
      ]
    },
    "GetTasksLambdaVersionwbx62b298sGYp5jS6jeXZGUodJ4KE6W3tPeYy7JnrWs": {
      "Type": "AWS::Lambda::Version",
      "DeletionPolicy": "Retain",
      "Properties": {
        "FunctionName": {
          "Ref": "GetTasksLambdaFunction"
        },
        "CodeSha256": "wbx62b298sGYp5jS6jeXZGUodJ4KE6W3tPeYy7JnrWs="
      }
    },
    "PostTaskLambdaFunction": {
      "Type": "AWS::Lambda::Function",
      "Properties": {
        "Code": {
          "S3Bucket": {
            "Ref": "ServerlessDeploymentBucket"
          },
          "S3Key": "serverless/fun-w-path/dev/1491375185312-2017-04-05T06:53:05.312Z/fun-w-path.zip"
        },
        "FunctionName": "fun-w-path-dev-postTask",
        "Handler": "handler.postTask",
        "MemorySize": 1024,
        "Role": {
          "Fn::GetAtt": [
            "IamRoleLambdaExecution",
            "Arn"
          ]
        },
        "Runtime": "nodejs6.10",
        "Timeout": 6,
        "Environment": {
          "Variables": {
            "USERS_DYNAMODB_TABLE": "users-fun-w-path-dev",
            "TASKS_DYNAMODB_TABLE": "tasks-fun-w-path-dev"
          }
        }
      },
      "DependsOn": [
        "PostTaskLogGroup",
        "IamRoleLambdaExecution"
      ]
    },
    "PostTaskLambdaVersionwbx62b298sGYp5jS6jeXZGUodJ4KE6W3tPeYy7JnrWs": {
      "Type": "AWS::Lambda::Version",
      "DeletionPolicy": "Retain",
      "Properties": {
        "FunctionName": {
          "Ref": "PostTaskLambdaFunction"
        },
        "CodeSha256": "wbx62b298sGYp5jS6jeXZGUodJ4KE6W3tPeYy7JnrWs="
      }
    },
    "PutTaskLambdaFunction": {
      "Type": "AWS::Lambda::Function",
      "Properties": {
        "Code": {
          "S3Bucket": {
            "Ref": "ServerlessDeploymentBucket"
          },
          "S3Key": "serverless/fun-w-path/dev/1491375185312-2017-04-05T06:53:05.312Z/fun-w-path.zip"
        },
        "FunctionName": "fun-w-path-dev-putTask",
        "Handler": "handler.putTask",
        "MemorySize": 1024,
        "Role": {
          "Fn::GetAtt": [
            "IamRoleLambdaExecution",
            "Arn"
          ]
        },
        "Runtime": "nodejs6.10",
        "Timeout": 6,
        "Environment": {
          "Variables": {
            "USERS_DYNAMODB_TABLE": "users-fun-w-path-dev",
            "TASKS_DYNAMODB_TABLE": "tasks-fun-w-path-dev"
          }
        }
      },
      "DependsOn": [
        "PutTaskLogGroup",
        "IamRoleLambdaExecution"
      ]
    },
    "PutTaskLambdaVersionwbx62b298sGYp5jS6jeXZGUodJ4KE6W3tPeYy7JnrWs": {
      "Type": "AWS::Lambda::Version",
      "DeletionPolicy": "Retain",
      "Properties": {
        "FunctionName": {
          "Ref": "PutTaskLambdaFunction"
        },
        "CodeSha256": "wbx62b298sGYp5jS6jeXZGUodJ4KE6W3tPeYy7JnrWs="
      }
    },
    "DeleteTaskLambdaFunction": {
      "Type": "AWS::Lambda::Function",
      "Properties": {
        "Code": {
          "S3Bucket": {
            "Ref": "ServerlessDeploymentBucket"
          },
          "S3Key": "serverless/fun-w-path/dev/1491375185312-2017-04-05T06:53:05.312Z/fun-w-path.zip"
        },
        "FunctionName": "fun-w-path-dev-deleteTask",
        "Handler": "handler.deleteTask",
        "MemorySize": 1024,
        "Role": {
          "Fn::GetAtt": [
            "IamRoleLambdaExecution",
            "Arn"
          ]
        },
        "Runtime": "nodejs6.10",
        "Timeout": 6,
        "Environment": {
          "Variables": {
            "USERS_DYNAMODB_TABLE": "users-fun-w-path-dev",
            "TASKS_DYNAMODB_TABLE": "tasks-fun-w-path-dev"
          }
        }
      },
      "DependsOn": [
        "DeleteTaskLogGroup",
        "IamRoleLambdaExecution"
      ]
    },
    "DeleteTaskLambdaVersionwbx62b298sGYp5jS6jeXZGUodJ4KE6W3tPeYy7JnrWs": {
      "Type": "AWS::Lambda::Version",
      "DeletionPolicy": "Retain",
      "Properties": {
        "FunctionName": {
          "Ref": "DeleteTaskLambdaFunction"
        },
        "CodeSha256": "wbx62b298sGYp5jS6jeXZGUodJ4KE6W3tPeYy7JnrWs="
      }
    },
    "GetTasksByCategoryLambdaFunction": {
      "Type": "AWS::Lambda::Function",
      "Properties": {
        "Code": {
          "S3Bucket": {
            "Ref": "ServerlessDeploymentBucket"
          },
          "S3Key": "serverless/fun-w-path/dev/1491375185312-2017-04-05T06:53:05.312Z/fun-w-path.zip"
        },
        "FunctionName": "fun-w-path-dev-getTasksByCategory",
        "Handler": "handler.getTasksByCategory",
        "MemorySize": 1024,
        "Role": {
          "Fn::GetAtt": [
            "IamRoleLambdaExecution",
            "Arn"
          ]
        },
        "Runtime": "nodejs6.10",
        "Timeout": 6,
        "Environment": {
          "Variables": {
            "USERS_DYNAMODB_TABLE": "users-fun-w-path-dev",
            "TASKS_DYNAMODB_TABLE": "tasks-fun-w-path-dev"
          }
        }
      },
      "DependsOn": [
        "GetTasksByCategoryLogGroup",
        "IamRoleLambdaExecution"
      ]
    },
    "GetTasksByCategoryLambdaVersionwbx62b298sGYp5jS6jeXZGUodJ4KE6W3tPeYy7JnrWs": {
      "Type": "AWS::Lambda::Version",
      "DeletionPolicy": "Retain",
      "Properties": {
        "FunctionName": {
          "Ref": "GetTasksByCategoryLambdaFunction"
        },
        "CodeSha256": "wbx62b298sGYp5jS6jeXZGUodJ4KE6W3tPeYy7JnrWs="
      }
    },
    "ApiGatewayRestApi": {
      "Type": "AWS::ApiGateway::RestApi",
      "Properties": {
        "Name": "dev-fun-w-path"
      }
    },
    "ApiGatewayResourceUser": {
      "Type": "AWS::ApiGateway::Resource",
      "Properties": {
        "ParentId": {
          "Fn::GetAtt": [
            "ApiGatewayRestApi",
            "RootResourceId"
          ]
        },
        "PathPart": "user",
        "RestApiId": {
          "Ref": "ApiGatewayRestApi"
        }
      }
    },
    "ApiGatewayResourceCategory": {
      "Type": "AWS::ApiGateway::Resource",
      "Properties": {
        "ParentId": {
          "Fn::GetAtt": [
            "ApiGatewayRestApi",
            "RootResourceId"
          ]
        },
        "PathPart": "category",
        "RestApiId": {
          "Ref": "ApiGatewayRestApi"
        }
      }
    },
    "ApiGatewayResourceUserUseridVar": {
      "Type": "AWS::ApiGateway::Resource",
      "Properties": {
        "ParentId": {
          "Ref": "ApiGatewayResourceUser"
        },
        "PathPart": "{userId}",
        "RestApiId": {
          "Ref": "ApiGatewayRestApi"
        }
      }
    },
    "ApiGatewayResourceCategoryCategoryVar": {
      "Type": "AWS::ApiGateway::Resource",
      "Properties": {
        "ParentId": {
          "Ref": "ApiGatewayResourceCategory"
        },
        "PathPart": "{category}",
        "RestApiId": {
          "Ref": "ApiGatewayRestApi"
        }
      }
    },
    "ApiGatewayResourceUserUseridVarTask": {
      "Type": "AWS::ApiGateway::Resource",
      "Properties": {
        "ParentId": {
          "Ref": "ApiGatewayResourceUserUseridVar"
        },
        "PathPart": "task",
        "RestApiId": {
          "Ref": "ApiGatewayRestApi"
        }
      }
    },
    "ApiGatewayResourceCategoryCategoryVarTask": {
      "Type": "AWS::ApiGateway::Resource",
      "Properties": {
        "ParentId": {
          "Ref": "ApiGatewayResourceCategoryCategoryVar"
        },
        "PathPart": "task",
        "RestApiId": {
          "Ref": "ApiGatewayRestApi"
        }
      }
    },
    "ApiGatewayResourceUserUseridVarTaskTaskidVar": {
      "Type": "AWS::ApiGateway::Resource",
      "Properties": {
        "ParentId": {
          "Ref": "ApiGatewayResourceUserUseridVarTask"
        },
        "PathPart": "{taskId}",
        "RestApiId": {
          "Ref": "ApiGatewayRestApi"
        }
      }
    },
    "ApiGatewayMethodUserGet": {
      "Type": "AWS::ApiGateway::Method",
      "Properties": {
        "HttpMethod": "GET",
        "RequestParameters": {},
        "ResourceId": {
          "Ref": "ApiGatewayResourceUser"
        },
        "RestApiId": {
          "Ref": "ApiGatewayRestApi"
        },
        "AuthorizationType": "CUSTOM",
        "AuthorizerId": {
          "Ref": "1ApiGatewayAuthorizer"
        },
        "Integration": {
          "IntegrationHttpMethod": "POST",
          "Type": "AWS_PROXY",
          "Uri": {
            "Fn::Join": [
              "",
              [
                "arn:aws:apigateway:",
                {
                  "Ref": "AWS::Region"
                },
                ":lambda:path/2015-03-31/functions/",
                {
                  "Fn::GetAtt": [
                    "GetUsersLambdaFunction",
                    "Arn"
                  ]
                },
                "/invocations"
              ]
            ]
          }
        },
        "MethodResponses": []
      },
      "DependsOn": "1ApiGatewayAuthorizer"
    },
    "ApiGatewayMethodUserPost": {
      "Type": "AWS::ApiGateway::Method",
      "Properties": {
        "HttpMethod": "POST",
        "RequestParameters": {},
        "ResourceId": {
          "Ref": "ApiGatewayResourceUser"
        },
        "RestApiId": {
          "Ref": "ApiGatewayRestApi"
        },
        "AuthorizationType": "NONE",
        "Integration": {
          "IntegrationHttpMethod": "POST",
          "Type": "AWS_PROXY",
          "Uri": {
            "Fn::Join": [
              "",
              [
                "arn:aws:apigateway:",
                {
                  "Ref": "AWS::Region"
                },
                ":lambda:path/2015-03-31/functions/",
                {
                  "Fn::GetAtt": [
                    "PostUserLambdaFunction",
                    "Arn"
                  ]
                },
                "/invocations"
              ]
            ]
          }
        },
        "MethodResponses": []
      }
    },
    "ApiGatewayMethodUserUseridVarGet": {
      "Type": "AWS::ApiGateway::Method",
      "Properties": {
        "HttpMethod": "GET",
        "RequestParameters": {},
        "ResourceId": {
          "Ref": "ApiGatewayResourceUserUseridVar"
        },
        "RestApiId": {
          "Ref": "ApiGatewayRestApi"
        },
        "AuthorizationType": "NONE",
        "Integration": {
          "IntegrationHttpMethod": "POST",
          "Type": "AWS_PROXY",
          "Uri": {
            "Fn::Join": [
              "",
              [
                "arn:aws:apigateway:",
                {
                  "Ref": "AWS::Region"
                },
                ":lambda:path/2015-03-31/functions/",
                {
                  "Fn::GetAtt": [
                    "GetUserLambdaFunction",
                    "Arn"
                  ]
                },
                "/invocations"
              ]
            ]
          }
        },
        "MethodResponses": []
      }
    },
    "ApiGatewayMethodUserUseridVarDelete": {
      "Type": "AWS::ApiGateway::Method",
      "Properties": {
        "HttpMethod": "DELETE",
        "RequestParameters": {},
        "ResourceId": {
          "Ref": "ApiGatewayResourceUserUseridVar"
        },
        "RestApiId": {
          "Ref": "ApiGatewayRestApi"
        },
        "AuthorizationType": "NONE",
        "Integration": {
          "IntegrationHttpMethod": "POST",
          "Type": "AWS_PROXY",
          "Uri": {
            "Fn::Join": [
              "",
              [
                "arn:aws:apigateway:",
                {
                  "Ref": "AWS::Region"
                },
                ":lambda:path/2015-03-31/functions/",
                {
                  "Fn::GetAtt": [
                    "DeleteUserLambdaFunction",
                    "Arn"
                  ]
                },
                "/invocations"
              ]
            ]
          }
        },
        "MethodResponses": []
      }
    },
    "ApiGatewayMethodUserUseridVarTaskGet": {
      "Type": "AWS::ApiGateway::Method",
      "Properties": {
        "HttpMethod": "GET",
        "RequestParameters": {},
        "ResourceId": {
          "Ref": "ApiGatewayResourceUserUseridVarTask"
        },
        "RestApiId": {
          "Ref": "ApiGatewayRestApi"
        },
        "AuthorizationType": "NONE",
        "Integration": {
          "IntegrationHttpMethod": "POST",
          "Type": "AWS_PROXY",
          "Uri": {
            "Fn::Join": [
              "",
              [
                "arn:aws:apigateway:",
                {
                  "Ref": "AWS::Region"
                },
                ":lambda:path/2015-03-31/functions/",
                {
                  "Fn::GetAtt": [
                    "GetTasksLambdaFunction",
                    "Arn"
                  ]
                },
                "/invocations"
              ]
            ]
          }
        },
        "MethodResponses": []
      }
    },
    "ApiGatewayMethodUserUseridVarTaskPost": {
      "Type": "AWS::ApiGateway::Method",
      "Properties": {
        "HttpMethod": "POST",
        "RequestParameters": {},
        "ResourceId": {
          "Ref": "ApiGatewayResourceUserUseridVarTask"
        },
        "RestApiId": {
          "Ref": "ApiGatewayRestApi"
        },
        "AuthorizationType": "NONE",
        "Integration": {
          "IntegrationHttpMethod": "POST",
          "Type": "AWS_PROXY",
          "Uri": {
            "Fn::Join": [
              "",
              [
                "arn:aws:apigateway:",
                {
                  "Ref": "AWS::Region"
                },
                ":lambda:path/2015-03-31/functions/",
                {
                  "Fn::GetAtt": [
                    "PostTaskLambdaFunction",
                    "Arn"
                  ]
                },
                "/invocations"
              ]
            ]
          }
        },
        "MethodResponses": []
      }
    },
    "ApiGatewayMethodUserUseridVarTaskTaskidVarPut": {
      "Type": "AWS::ApiGateway::Method",
      "Properties": {
        "HttpMethod": "PUT",
        "RequestParameters": {},
        "ResourceId": {
          "Ref": "ApiGatewayResourceUserUseridVarTaskTaskidVar"
        },
        "RestApiId": {
          "Ref": "ApiGatewayRestApi"
        },
        "AuthorizationType": "NONE",
        "Integration": {
          "IntegrationHttpMethod": "POST",
          "Type": "AWS_PROXY",
          "Uri": {
            "Fn::Join": [
              "",
              [
                "arn:aws:apigateway:",
                {
                  "Ref": "AWS::Region"
                },
                ":lambda:path/2015-03-31/functions/",
                {
                  "Fn::GetAtt": [
                    "PutTaskLambdaFunction",
                    "Arn"
                  ]
                },
                "/invocations"
              ]
            ]
          }
        },
        "MethodResponses": []
      }
    },
    "ApiGatewayMethodUserUseridVarTaskTaskidVarDelete": {
      "Type": "AWS::ApiGateway::Method",
      "Properties": {
        "HttpMethod": "DELETE",
        "RequestParameters": {},
        "ResourceId": {
          "Ref": "ApiGatewayResourceUserUseridVarTaskTaskidVar"
        },
        "RestApiId": {
          "Ref": "ApiGatewayRestApi"
        },
        "AuthorizationType": "NONE",
        "Integration": {
          "IntegrationHttpMethod": "POST",
          "Type": "AWS_PROXY",
          "Uri": {
            "Fn::Join": [
              "",
              [
                "arn:aws:apigateway:",
                {
                  "Ref": "AWS::Region"
                },
                ":lambda:path/2015-03-31/functions/",
                {
                  "Fn::GetAtt": [
                    "DeleteTaskLambdaFunction",
                    "Arn"
                  ]
                },
                "/invocations"
              ]
            ]
          }
        },
        "MethodResponses": []
      }
    },
    "ApiGatewayMethodCategoryCategoryVarTaskGet": {
      "Type": "AWS::ApiGateway::Method",
      "Properties": {
        "HttpMethod": "GET",
        "RequestParameters": {},
        "ResourceId": {
          "Ref": "ApiGatewayResourceCategoryCategoryVarTask"
        },
        "RestApiId": {
          "Ref": "ApiGatewayRestApi"
        },
        "AuthorizationType": "NONE",
        "Integration": {
          "IntegrationHttpMethod": "POST",
          "Type": "AWS_PROXY",
          "Uri": {
            "Fn::Join": [
              "",
              [
                "arn:aws:apigateway:",
                {
                  "Ref": "AWS::Region"
                },
                ":lambda:path/2015-03-31/functions/",
                {
                  "Fn::GetAtt": [
                    "GetTasksByCategoryLambdaFunction",
                    "Arn"
                  ]
                },
                "/invocations"
              ]
            ]
          }
        },
        "MethodResponses": []
      }
    },
    "1ApiGatewayAuthorizer": {
      "Type": "AWS::ApiGateway::Authorizer",
      "Properties": {
        "IdentitySource": "method.request.header.Authorization",
        "Name": "1",
        "RestApiId": {
          "Ref": "ApiGatewayRestApi"
        },
        "AuthorizerUri": {
          "Fn::Join": [
            "",
            [
              "arn:aws:apigateway:",
              {
                "Ref": "AWS::Region"
              },
              ":lambda:path/2015-03-31/functions/",
              "arn:aws:lambda:us-east-1:985983045442:function:abstract-cardash-production-auth:1",
              "/invocations"
            ]
          ]
        },
        "Type": "TOKEN"
      }
    },
    "ApiGatewayDeployment1491375185493": {
      "Type": "AWS::ApiGateway::Deployment",
      "Properties": {
        "RestApiId": {
          "Ref": "ApiGatewayRestApi"
        },
        "StageName": "dev"
      },
      "DependsOn": [
        "ApiGatewayMethodUserGet",
        "ApiGatewayMethodUserPost",
        "ApiGatewayMethodUserUseridVarGet",
        "ApiGatewayMethodUserUseridVarDelete",
        "ApiGatewayMethodUserUseridVarTaskGet",
        "ApiGatewayMethodUserUseridVarTaskPost",
        "ApiGatewayMethodUserUseridVarTaskTaskidVarPut",
        "ApiGatewayMethodUserUseridVarTaskTaskidVarDelete",
        "ApiGatewayMethodCategoryCategoryVarTaskGet"
      ]
    },
    "GetUsersLambdaPermissionApiGateway": {
      "Type": "AWS::Lambda::Permission",
      "Properties": {
        "FunctionName": {
          "Fn::GetAtt": [
            "GetUsersLambdaFunction",
            "Arn"
          ]
        },
        "Action": "lambda:InvokeFunction",
        "Principal": "apigateway.amazonaws.com",
        "SourceArn": {
          "Fn::Join": [
            "",
            [
              "arn:aws:execute-api:",
              {
                "Ref": "AWS::Region"
              },
              ":",
              {
                "Ref": "AWS::AccountId"
              },
              ":",
              {
                "Ref": "ApiGatewayRestApi"
              },
              "/*/*"
            ]
          ]
        }
      }
    },
    "1LambdaPermissionApiGateway": {
      "Type": "AWS::Lambda::Permission",
      "Properties": {
        "FunctionName": "arn:aws:lambda:us-east-1:985983045442:function:abstract-cardash-production-auth:1",
        "Action": "lambda:InvokeFunction",
        "Principal": "apigateway.amazonaws.com"
      }
    },
    "PostUserLambdaPermissionApiGateway": {
      "Type": "AWS::Lambda::Permission",
      "Properties": {
        "FunctionName": {
          "Fn::GetAtt": [
            "PostUserLambdaFunction",
            "Arn"
          ]
        },
        "Action": "lambda:InvokeFunction",
        "Principal": "apigateway.amazonaws.com",
        "SourceArn": {
          "Fn::Join": [
            "",
            [
              "arn:aws:execute-api:",
              {
                "Ref": "AWS::Region"
              },
              ":",
              {
                "Ref": "AWS::AccountId"
              },
              ":",
              {
                "Ref": "ApiGatewayRestApi"
              },
              "/*/*"
            ]
          ]
        }
      }
    },
    "GetUserLambdaPermissionApiGateway": {
      "Type": "AWS::Lambda::Permission",
      "Properties": {
        "FunctionName": {
          "Fn::GetAtt": [
            "GetUserLambdaFunction",
            "Arn"
          ]
        },
        "Action": "lambda:InvokeFunction",
        "Principal": "apigateway.amazonaws.com",
        "SourceArn": {
          "Fn::Join": [
            "",
            [
              "arn:aws:execute-api:",
              {
                "Ref": "AWS::Region"
              },
              ":",
              {
                "Ref": "AWS::AccountId"
              },
              ":",
              {
                "Ref": "ApiGatewayRestApi"
              },
              "/*/*"
            ]
          ]
        }
      }
    },
    "DeleteUserLambdaPermissionApiGateway": {
      "Type": "AWS::Lambda::Permission",
      "Properties": {
        "FunctionName": {
          "Fn::GetAtt": [
            "DeleteUserLambdaFunction",
            "Arn"
          ]
        },
        "Action": "lambda:InvokeFunction",
        "Principal": "apigateway.amazonaws.com",
        "SourceArn": {
          "Fn::Join": [
            "",
            [
              "arn:aws:execute-api:",
              {
                "Ref": "AWS::Region"
              },
              ":",
              {
                "Ref": "AWS::AccountId"
              },
              ":",
              {
                "Ref": "ApiGatewayRestApi"
              },
              "/*/*"
            ]
          ]
        }
      }
    },
    "GetTasksLambdaPermissionApiGateway": {
      "Type": "AWS::Lambda::Permission",
      "Properties": {
        "FunctionName": {
          "Fn::GetAtt": [
            "GetTasksLambdaFunction",
            "Arn"
          ]
        },
        "Action": "lambda:InvokeFunction",
        "Principal": "apigateway.amazonaws.com",
        "SourceArn": {
          "Fn::Join": [
            "",
            [
              "arn:aws:execute-api:",
              {
                "Ref": "AWS::Region"
              },
              ":",
              {
                "Ref": "AWS::AccountId"
              },
              ":",
              {
                "Ref": "ApiGatewayRestApi"
              },
              "/*/*"
            ]
          ]
        }
      }
    },
    "PostTaskLambdaPermissionApiGateway": {
      "Type": "AWS::Lambda::Permission",
      "Properties": {
        "FunctionName": {
          "Fn::GetAtt": [
            "PostTaskLambdaFunction",
            "Arn"
          ]
        },
        "Action": "lambda:InvokeFunction",
        "Principal": "apigateway.amazonaws.com",
        "SourceArn": {
          "Fn::Join": [
            "",
            [
              "arn:aws:execute-api:",
              {
                "Ref": "AWS::Region"
              },
              ":",
              {
                "Ref": "AWS::AccountId"
              },
              ":",
              {
                "Ref": "ApiGatewayRestApi"
              },
              "/*/*"
            ]
          ]
        }
      }
    },
    "PutTaskLambdaPermissionApiGateway": {
      "Type": "AWS::Lambda::Permission",
      "Properties": {
        "FunctionName": {
          "Fn::GetAtt": [
            "PutTaskLambdaFunction",
            "Arn"
          ]
        },
        "Action": "lambda:InvokeFunction",
        "Principal": "apigateway.amazonaws.com",
        "SourceArn": {
          "Fn::Join": [
            "",
            [
              "arn:aws:execute-api:",
              {
                "Ref": "AWS::Region"
              },
              ":",
              {
                "Ref": "AWS::AccountId"
              },
              ":",
              {
                "Ref": "ApiGatewayRestApi"
              },
              "/*/*"
            ]
          ]
        }
      }
    },
    "DeleteTaskLambdaPermissionApiGateway": {
      "Type": "AWS::Lambda::Permission",
      "Properties": {
        "FunctionName": {
          "Fn::GetAtt": [
            "DeleteTaskLambdaFunction",
            "Arn"
          ]
        },
        "Action": "lambda:InvokeFunction",
        "Principal": "apigateway.amazonaws.com",
        "SourceArn": {
          "Fn::Join": [
            "",
            [
              "arn:aws:execute-api:",
              {
                "Ref": "AWS::Region"
              },
              ":",
              {
                "Ref": "AWS::AccountId"
              },
              ":",
              {
                "Ref": "ApiGatewayRestApi"
              },
              "/*/*"
            ]
          ]
        }
      }
    },
    "GetTasksByCategoryLambdaPermissionApiGateway": {
      "Type": "AWS::Lambda::Permission",
      "Properties": {
        "FunctionName": {
          "Fn::GetAtt": [
            "GetTasksByCategoryLambdaFunction",
            "Arn"
          ]
        },
        "Action": "lambda:InvokeFunction",
        "Principal": "apigateway.amazonaws.com",
        "SourceArn": {
          "Fn::Join": [
            "",
            [
              "arn:aws:execute-api:",
              {
                "Ref": "AWS::Region"
              },
              ":",
              {
                "Ref": "AWS::AccountId"
              },
              ":",
              {
                "Ref": "ApiGatewayRestApi"
              },
              "/*/*"
            ]
          ]
        }
      }
    },
    "UserTable": {
      "Type": "AWS::DynamoDB::Table",
      "Properties": {
        "AttributeDefinitions": [
          {
            "AttributeName": "uid",
            "AttributeType": "S"
          }
        ],
        "KeySchema": [
          {
            "AttributeName": "uid",
            "KeyType": "HASH"
          }
        ],
        "ProvisionedThroughput": {
          "ReadCapacityUnits": 1,
          "WriteCapacityUnits": 1
        },
        "TableName": "users-fun-w-path-dev"
      }
    },
    "TaskTable": {
      "Type": "AWS::DynamoDB::Table",
      "Properties": {
        "AttributeDefinitions": [
          {
            "AttributeName": "uid",
            "AttributeType": "S"
          },
          {
            "AttributeName": "tid",
            "AttributeType": "N"
          },
          {
            "AttributeName": "category",
            "AttributeType": "S"
          }
        ],
        "KeySchema": [
          {
            "AttributeName": "uid",
            "KeyType": "HASH"
          },
          {
            "AttributeName": "tid",
            "KeyType": "RANGE"
          }
        ],
        "GlobalSecondaryIndexes": [
          {
            "IndexName": "category-index",
            "KeySchema": [
              {
                "AttributeName": "category",
                "KeyType": "HASH"
              },
              {
                "AttributeName": "tid",
                "KeyType": "RANGE"
              }
            ],
            "Projection": {
              "ProjectionType": "ALL"
            },
            "ProvisionedThroughput": {
              "ReadCapacityUnits": 1,
              "WriteCapacityUnits": 1
            }
          }
        ],
        "ProvisionedThroughput": {
          "ReadCapacityUnits": 1,
          "WriteCapacityUnits": 1
        },
        "TableName": "tasks-fun-w-path-dev"
      }
    }
  },
  "Outputs": {
    "ServerlessDeploymentBucketName": {
      "Value": {
        "Ref": "ServerlessDeploymentBucket"
      }
    },
    "GetUsersLambdaFunctionQualifiedArn": {
      "Description": "Current Lambda function version",
      "Value": {
        "Ref": "GetUsersLambdaVersionwbx62b298sGYp5jS6jeXZGUodJ4KE6W3tPeYy7JnrWs"
      }
    },
    "PostUserLambdaFunctionQualifiedArn": {
      "Description": "Current Lambda function version",
      "Value": {
        "Ref": "PostUserLambdaVersionwbx62b298sGYp5jS6jeXZGUodJ4KE6W3tPeYy7JnrWs"
      }
    },
    "GetUserLambdaFunctionQualifiedArn": {
      "Description": "Current Lambda function version",
      "Value": {
        "Ref": "GetUserLambdaVersionwbx62b298sGYp5jS6jeXZGUodJ4KE6W3tPeYy7JnrWs"
      }
    },
    "DeleteUserLambdaFunctionQualifiedArn": {
      "Description": "Current Lambda function version",
      "Value": {
        "Ref": "DeleteUserLambdaVersionwbx62b298sGYp5jS6jeXZGUodJ4KE6W3tPeYy7JnrWs"
      }
    },
    "GetTasksLambdaFunctionQualifiedArn": {
      "Description": "Current Lambda function version",
      "Value": {
        "Ref": "GetTasksLambdaVersionwbx62b298sGYp5jS6jeXZGUodJ4KE6W3tPeYy7JnrWs"
      }
    },
    "PostTaskLambdaFunctionQualifiedArn": {
      "Description": "Current Lambda function version",
      "Value": {
        "Ref": "PostTaskLambdaVersionwbx62b298sGYp5jS6jeXZGUodJ4KE6W3tPeYy7JnrWs"
      }
    },
    "PutTaskLambdaFunctionQualifiedArn": {
      "Description": "Current Lambda function version",
      "Value": {
        "Ref": "PutTaskLambdaVersionwbx62b298sGYp5jS6jeXZGUodJ4KE6W3tPeYy7JnrWs"
      }
    },
    "DeleteTaskLambdaFunctionQualifiedArn": {
      "Description": "Current Lambda function version",
      "Value": {
        "Ref": "DeleteTaskLambdaVersionwbx62b298sGYp5jS6jeXZGUodJ4KE6W3tPeYy7JnrWs"
      }
    },
    "GetTasksByCategoryLambdaFunctionQualifiedArn": {
      "Description": "Current Lambda function version",
      "Value": {
        "Ref": "GetTasksByCategoryLambdaVersionwbx62b298sGYp5jS6jeXZGUodJ4KE6W3tPeYy7JnrWs"
      }
    },
    "ServiceEndpoint": {
      "Description": "URL of the service endpoint",
      "Value": {
        "Fn::Join": [
          "",
          [
            "https://",
            {
              "Ref": "ApiGatewayRestApi"
            },
            ".execute-api.us-east-1.amazonaws.com/dev"
          ]
        ]
      }
    }
  }
}